cols_names,cols_names,Jet_Num
"['DER_pt_ratio_lep_tau', 'PRI_lep_pt']",0.855157432,0
,,
"['DER_mass_vis', 'DER_deltaeta_jet_jet']",0.874284431,1
"['DER_prodeta_jet_jet', 'PRI_lep_eta']",0.914971111,1
"['DER_prodeta_jet_jet', 'PRI_lep_phi']",0.945853625,1
"['DER_prodeta_jet_jet', 'PRI_met']",0.91758925,1
"['DER_prodeta_jet_jet', 'PRI_met_phi']",0.917567706,1
"['DER_prodeta_jet_jet', 'PRI_met_sumet']",0.926265984,1
"['DER_deltar_tau_lep', 'DER_lep_eta_centrality']",0.893194691,1
"['PRI_lep_eta', 'PRI_lep_phi']",0.914766288,1
"['PRI_lep_eta', 'PRI_met']",0.904291296,1
"['PRI_lep_eta', 'PRI_met_phi']",0.904293691,1
"['PRI_lep_phi', 'PRI_met']",0.989518513,1
"['PRI_lep_phi', 'PRI_met_phi']",0.989505872,1
"['PRI_lep_phi', 'PRI_met_sumet']",0.870200479,1
"['PRI_met', 'PRI_met_phi']	",0.99979084,1
,,
"['DER_deltaeta_jet_jet', 'DER_mass_jet_jet']",0.925949696,"2,3"
"['DER_deltaeta_jet_jet', 'DER_prodeta_jet_jet']",0.999702047,"2,3"
"['DER_deltaeta_jet_jet', 'DER_sum_pt']",0.907481525,"2,3"
"['DER_deltaeta_jet_jet', 'DER_lep_eta_centrality']",0.999975406,"2,3"
"['DER_deltaeta_jet_jet', 'PRI_jet_subleading_pt']",0.99521272,"2,3"
"['DER_deltaeta_jet_jet', 'PRI_jet_subleading_eta']",0.999899657,"2,3"
"['DER_deltaeta_jet_jet', 'PRI_jet_subleading_phi']",0.999903385,"2,3"
"['DER_mass_jet_jet', 'DER_prodeta_jet_jet']",0.919110872,"2,3"
"['DER_mass_jet_jet', 'DER_lep_eta_centrality']",0.924163712,"2,3"
"['DER_mass_jet_jet', 'PRI_jet_subleading_pt']",0.910863768,"2,3"
"['DER_mass_jet_jet', 'PRI_jet_subleading_eta']",0.923780993,"2,3"
"['DER_mass_jet_jet', 'PRI_jet_subleading_phi']",0.923793835,"2,3"
"['DER_prodeta_jet_jet', 'DER_sum_pt']",0.911106736,"2,3"
"['DER_prodeta_jet_jet', 'DER_lep_eta_centrality']",0.999794074,"2,3"
"['DER_prodeta_jet_jet', 'PRI_jet_subleading_pt']",0.995774359,"2,3"
"['DER_prodeta_jet_jet', 'PRI_jet_subleading_eta']",0.999743031,"2,3"
"['DER_prodeta_jet_jet', 'PRI_jet_subleading_phi']",0.999748506,"2,3"
"['DER_sum_pt', 'DER_lep_eta_centrality']",0.908113989,"2,3"
"['DER_sum_pt', 'PRI_met_sumet']",0.964735739,"2,3"
"['DER_sum_pt', 'PRI_jet_subleading_pt']",0.931365256,"2,3"
"['DER_sum_pt', 'PRI_jet_subleading_eta']",0.908077738,"2,3"
"['DER_sum_pt', 'PRI_jet_subleading_phi']",0.908059667,"2,3"
"['DER_sum_pt', 'PRI_jet_all_pt']",0.977845223,"2,3"
"['DER_pt_ratio_lep_tau', 'PRI_lep_pt']",0.903279132,"2,3"
"['DER_lep_eta_centrality', 'DER_deltaeta_jet_jet']",0.999975406,"2,3"
"['DER_lep_eta_centrality', 'PRI_jet_subleading_pt']",0.995342892,"2,3"
"['DER_lep_eta_centrality', 'PRI_jet_subleading_eta']",0.999930484,"2,3"
"['DER_lep_eta_centrality', 'PRI_jet_subleading_phi']",0.99993329,"2,3"
"['PRI_met_sumet', 'PRI_jet_subleading_pt']",0.915180026,"2,3"
"['PRI_met_sumet', 'PRI_jet_all_pt']",0.940630886,"2,3"
"['PRI_jet_leading_pt', 'PRI_jet_leading_eta']",0.958342826,"2,3"
"['PRI_jet_leading_pt', 'PRI_jet_leading_phi']",0.958323909,"2,3"
"['PRI_jet_leading_phi', 'PRI_jet_leading_eta']",0.999872375,"2,3"
"['PRI_jet_subleading_pt', 'PRI_jet_subleading_eta']",0.995278818,"2,3"
"['PRI_jet_subleading_pt', 'PRI_jet_subleading_phi']",0.995272134,"2,3"
"['PRI_jet_subleading_pt', 'PRI_jet_all_pt']",0.916402676,"2,3"
"['PRI_jet_subleading_eta', 'PRI_jet_subleading_phi']",0.99987035,"2,3"